transaction_id,account_id,amount,currency,timestamp
TXN00000001,ACC903560,29.35,USD,2025-06-28 04:58:52
TXN00000002,ACC353969,22.21,GBP,2025-06-06 21:15:02
TXN00000003,ACC920899,12.71,EUR,2025-06-05 12:39:57
TXN00000004,ACC645270,30.04,USD,2025-06-09 01:53:00
TXN00000005,ACC273473,20.5,GBP,2025-06-20 17:21:19
TXN00000006,ACC787757,-23.1,CAD,2025-06-06 10:59:52
TXN00000007,ACC570797,-8.92,EUR,2025-06-29 19:12:23
TXN00000008,ACC695723,9.47,USD,2025-06-05 00:11:55
TXN00000009,ACC599786,133.98,GBP,2025-06-11 19:20:41
TXN00000010,ACC450259,26.42,JPY,2025-06-29 07:20:01
TXN00000011,ACC849439,13.33,JPY,2025-06-21 14:23:38
TXN00000012,ACC816704,53.94,CAD,2025-06-07 03:12:57
TXN00000013,ACC907834,56.56,JPY,2025-06-22 22:51:30
TXN00000014,ACC556618,8.66,EUR,2025-06-24 10:16:10
TXN00000015,ACC777583,33.28,EUR,2025-06-20 21:45:05
TXN00000016,ACC484194,2.55,JPY,2025-06-28 00:23:22
TXN00000017,ACC989705,8.35,EUR,2025-06-29 11:42:32
TXN00000018,ACC575436,28.11,JPY,2025-06-26 22:46:33
TXN00000019,ACC224306,27.5,USD,2025-06-08 05:10:20
TXN00000020,ACC971527,18.01,EUR,2025-06-06 03:18:04
TXN00000021,ACC283492,2.37,GBP,2025-06-28 00:43:55
TXN00000022,ACC364064,3.52,USD,2025-06-04 04:38:29
TXN00000023,ACC725036,48.18,CAD,2025-06-08 05:21:15
TXN00000024,ACC998632,32.8,GBP,2025-06-22 23:39:35
TXN00000025,ACC605862,-8.6,CAD,2025-06-27 16:55:45
TXN00000026,ACC208679,5.33,EUR,2025-06-14 10:08:21
TXN00000027,ACC607891,11.43,EUR,2025-06-19 03:25:00
TXN00000028,ACC251372,10.3,EUR,2025-06-26 15:40:10
TXN00000029,ACC923923,80.69,CAD,2025-06-12 18:38:32
TXN00000030,ACC188875,16.78,JPY,2025-06-15 18:33:19
TXN00000031,ACC690834,67.54,USD,2025-06-20 12:23:35
TXN00000032,ACC831166,75.5,GBP,2025-06-14 08:36:06
TXN00000033,ACC186521,12.37,USD,2025-06-13 09:43:40
TXN00000034,ACC817431,45.05,JPY,2025-06-04 16:05:35
TXN00000035,ACC128833,56.56,JPY,2025-06-28 00:46:05
TXN00000036,ACC589169,42.24,GBP,2025-06-08 03:14:30
TXN00000037,ACC287881,14.2,USD,2025-06-20 03:47:41
TXN00000038,ACC796289,13.04,JPY,2025-06-15 22:59:59
TXN00000039,ACC958874,7.51,USD,2025-06-18 02:19:55
TXN00000040,ACC872073,44.68,USD,2025-06-21 15:39:39
TXN00000041,ACC326447,18.02,CAD,2025-06-16 06:52:33
TXN00000042,ACC985072,54.06,JPY,2025-06-12 02:10:08
TXN00000043,ACC255817,26.77,CAD,2025-07-02 00:11:47
TXN00000044,ACC542923,16.38,GBP,2025-06-03 06:16:00
TXN00000045,ACC355085,8.26,USD,2025-07-02 17:06:34
TXN00000046,ACC569639,104.94,USD,2025-06-17 17:51:56
TXN00000047,ACC764746,13.8,GBP,2025-06-22 07:21:03
TXN00000048,ACC912264,48.7,EUR,2025-07-02 16:07:33
TXN00000049,ACC209272,7.24,GBP,2025-06-12 06:03:04
TXN00000050,ACC442932,55.82,JPY,2025-07-02 10:30:49
TXN00000051,ACC396015,1.92,EUR,2025-06-24 00:02:11
TXN00000052,ACC896022,66.98,JPY,2025-06-21 19:05:54
TXN00000053,ACC529271,10.64,USD,2025-06-27 15:43:44
TXN00000054,ACC317653,16.68,GBP,2025-06-23 14:18:57
TXN00000055,ACC305726,45.03,USD,2025-06-10 08:20:04
TXN00000056,ACC279303,8.43,JPY,2025-06-30 23:54:49
TXN00000057,ACC892080,43.15,CAD,2025-06-20 01:31:47
TXN00000058,ACC843698,257.36,EUR,2025-06-21 15:44:04
TXN00000059,ACC325217,27.19,USD,2025-06-20 18:00:13
TXN00000060,ACC278871,24.4,GBP,2025-06-03 21:40:58
TXN00000061,ACC955083,27.31,CAD,2025-06-11 10:20:39
TXN00000062,ACC268105,18.09,GBP,2025-06-03 23:14:55
TXN00000063,ACC362422,4.27,USD,2025-06-19 22:54:59
TXN00000064,ACC928310,79.61,EUR,2025-06-09 22:25:22
TXN00000065,ACC361845,20.5,EUR,2025-06-06 00:31:17
TXN00000066,ACC400957,8.68,EUR,2025-06-28 19:20:33
TXN00000067,ACC419461,9.64,JPY,2025-06-17 23:31:52
TXN00000068,ACC992918,3.88,CAD,2025-06-14 10:48:58
TXN00000069,ACC152635,9.79,EUR,2025-06-22 18:18:12
TXN00000070,ACC208996,6.35,EUR,2025-06-04 10:15:08
TXN00000071,ACC128304,1.96,JPY,2025-06-28 00:59:44
TXN00000072,ACC254541,13.48,JPY,2025-06-14 07:13:32
TXN00000073,ACC424125,25.3,CAD,2025-06-21 02:13:48
TXN00000074,ACC438417,4.34,CAD,2025-06-05 00:07:30
TXN00000075,ACC166918,22.35,EUR,2025-06-24 10:45:20
TXN00000076,ACC397274,7.86,EUR,2025-06-09 09:33:54
TXN00000077,ACC951640,40.07,GBP,2025-06-23 12:09:28
TXN00000078,ACC945968,18.22,CAD,2025-06-05 19:43:02
TXN00000079,ACC613880,40.39,EUR,2025-06-02 21:18:35
TXN00000080,ACC439051,82.59,CAD,2025-06-05 17:10:57
TXN00000081,ACC882141,26.32,USD,2025-06-20 12:31:35
TXN00000082,ACC812090,5.32,CAD,2025-06-27 05:15:43
TXN00000083,ACC741260,51.84,EUR,2025-07-02 19:57:23
TXN00000084,ACC951045,10.61,CAD,2025-06-28 00:36:36
TXN00000085,ACC357622,5.38,EUR,2025-06-10 08:31:32
TXN00000086,ACC522646,70.39,JPY,2025-06-27 16:26:06
TXN00000087,ACC208671,40.61,CAD,2025-07-01 20:05:25
TXN00000088,ACC127879,22.58,JPY,2025-06-27 16:56:10
TXN00000089,ACC999045,65.82,GBP,2025-06-24 00:42:45
TXN00000090,ACC902649,27.43,GBP,2025-06-07 19:03:53
TXN00000091,ACC863697,13.31,USD,2025-06-09 16:24:30
TXN00000092,ACC728673,21.16,EUR,2025-06-16 13:43:37
TXN00000093,ACC780223,5.42,USD,2025-06-30 07:27:40
TXN00000094,ACC734351,27.51,GBP,2025-06-20 06:49:54
TXN00000095,ACC940249,10.81,CAD,2025-06-22 15:33:10
TXN00000096,ACC903240,29.21,GBP,2025-06-29 07:11:19
TXN00000097,ACC670504,15.0,USD,2025-06-26 12:35:55
TXN00000098,ACC300975,7.34,GBP,2025-06-04 19:27:08
TXN00000099,ACC471756,17.76,EUR,2025-06-15 22:36:21
TXN00000100,ACC331045,8.53,GBP,2025-06-03 23:05:14
TXN00000101,ACC675477,6.5,JPY,2025-06-25 02:51:09
TXN00000102,ACC851154,16.72,USD,2025-06-20 01:43:23
TXN00000103,ACC840078,1.68,CAD,2025-06-16 00:39:53
TXN00000104,ACC394333,55.29,CAD,2025-06-20 16:08:49
TXN00000105,ACC882352,6.97,USD,2025-07-02 13:49:13
TXN00000106,ACC717968,25.78,JPY,2025-06-14 06:03:38
TXN00000107,ACC278441,21.68,JPY,2025-06-03 09:02:04
TXN00000108,ACC906226,60.51,USD,2025-06-08 09:44:48
TXN00000109,ACC994848,20.35,USD,2025-06-27 13:48:45
TXN00000110,ACC912847,46.96,EUR,2025-06-09 12:22:50
TXN00000111,ACC244445,34.45,GBP,2025-06-05 20:53:32
TXN00000112,ACC887315,15.87,JPY,2025-06-19 08:35:54
TXN00000113,ACC812689,4.06,CAD,2025-06-18 02:10:21
TXN00000114,ACC692942,61.19,USD,2025-06-26 20:56:04
TXN00000115,ACC795757,225.58,CAD,2025-06-06 16:05:44
TXN00000116,ACC192711,7.19,CAD,2025-07-01 10:51:56
TXN00000117,ACC479868,83.9,CAD,2025-06-25 09:22:25
TXN00000118,ACC513627,75.52,JPY,2025-06-12 11:55:47
TXN00000119,ACC951077,14.13,GBP,invalid-date
TXN00000120,ACC421545,6.62,CAD,2025-06-04 01:42:09
TXN00000121,ACC771293,56.98,CAD,2025-06-08 20:32:51
TXN00000122,ACC815266,36.55,GBP,2025-06-03 23:10:51
TXN00000123,ACC860001,58.4,USD,2025-06-16 15:25:29
TXN00000124,ACC642717,6.98,GBP,2025-06-25 23:02:00
TXN00000125,ACC160706,5.78,JPY,2025-06-26 09:56:08
TXN00000126,ACC285660,31.43,JPY,2025-06-27 09:23:26
TXN00000127,ACC913155,64.55,CAD,2025-06-07 04:08:56
TXN00000128,ACC668528,7.08,USD,2025-06-04 00:33:12
TXN00000129,ACC529516,12.54,CAD,2025-06-19 12:28:41
TXN00000130,ACC465361,22.89,XXX,2025-06-29 03:59:06
TXN00000131,ACC949933,65.23,USD,2025-06-13 08:36:24
TXN00000132,ACC556303,6.77,EUR,2025-06-29 12:58:17
TXN00000133,ACC848010,42.43,GBP,2025-06-08 12:10:39
TXN00000134,ACC182200,8.7,JPY,2025-06-16 00:11:15
TXN00000135,ACC167777,11.83,USD,2025-06-10 22:25:18
TXN00000136,ACC301957,41.26,GBP,2025-06-04 05:12:16
TXN00000137,ACC584870,15.61,EUR,2025-06-18 13:55:44
TXN00000138,ACC874433,5.68,GBP,2025-06-10 14:48:34
TXN00000139,ACC363570,27.71,USD,2025-06-06 11:35:24
TXN00000140,ACC679336,77.52,CAD,2025-06-21 16:11:00
TXN00000141,ACC790873,36.56,GBP,2025-06-12 13:16:18
TXN00000142,ACC957592,44.39,USD,2025-06-25 19:54:26
TXN00000143,ACC222344,15.62,GBP,2025-06-08 08:54:51
TXN00000144,ACC601348,55.5,JPY,2025-06-08 12:40:42
TXN00000145,ACC312634,46.41,EUR,2025-06-30 07:37:53
TXN00000146,ACC341397,58.65,JPY,2025-07-02 05:12:02
TXN00000147,ACC568502,5.45,CAD,2025-06-20 16:51:36
TXN00000148,ACC399611,2.63,GBP,2025-06-03 23:52:32
TXN00000149,ACC640606,19.9,CAD,2025-06-04 21:02:27
TXN00000150,ACC402898,7.47,CAD,2025-06-23 01:27:47
TXN00000151,ACC516656,4.53,USD,2025-06-18 07:40:32
TXN00000152,ACC902349,14.91,CAD,2025-06-11 03:10:01
TXN00000153,ACC134373,29.71,EUR,2025-06-05 16:32:56
TXN00000154,ACC489733,26.44,JPY,2025-06-29 01:59:03
TXN00000155,ACC825669,10.36,JPY,2025-06-12 09:08:51
TXN00000156,ACC185052,4.3,JPY,2025-06-11 23:42:13
TXN00000157,ACC117142,15.58,CAD,2025-07-02 12:16:18
TXN00000158,ACC825666,2.24,CAD,2025-06-16 11:41:03
TXN00000159,ACC507265,29.23,GBP,2025-06-22 20:33:16
TXN00000160,ACC857668,18.63,EUR,2025-06-04 16:53:23
TXN00000161,ACC399202,27.73,GBP,2025-06-28 18:18:18
TXN00000162,ACC510171,16.91,USD,2025-06-03 10:55:19
TXN00000163,ACC386861,22.37,JPY,2025-06-18 02:50:31
TXN00000164,ACC617804,16.8,EUR,2025-06-04 10:53:41
TXN00000165,ACC333908,75.02,GBP,2025-06-23 10:07:58
TXN00000166,ACC899690,66.2,JPY,2025-06-27 18:53:21
TXN00000167,ACC739676,3.86,JPY,2025-06-19 16:15:35
TXN00000168,ACC197236,35.67,EUR,2025-06-23 19:30:57
TXN00000169,ACC493010,6.23,USD,2025-06-14 08:02:18
TXN00000170,ACC986921,48.56,EUR,2025-06-12 17:55:23
TXN00000171,ACC979411,40.22,EUR,2025-06-29 22:26:29
TXN00000172,ACC522153,12.68,USD,2025-06-06 15:33:26
TXN00000173,ACC352771,9.74,USD,2025-06-05 08:36:18
TXN00000174,ACC386328,47.04,EUR,2025-06-17 20:06:11
TXN00000175,ACC920794,26.04,EUR,2025-06-28 08:18:40
TXN00000176,ACC116352,4.25,GBP,2025-06-25 19:12:24
TXN00000177,ACC304960,35.2,USD,2025-06-13 18:14:39
TXN00000178,ACC651072,9.15,CAD,2025-06-21 10:38:51
TXN00000179,ACC510702,15.08,EUR,2025-06-07 01:29:13
TXN00000180,ACC877085,5.5,CAD,2025-06-10 15:41:40
TXN00000181,ACC472621,2.74,USD,2025-06-04 15:30:45
TXN00000182,ACC179042,36.79,JPY,2025-06-10 07:20:16
TXN00000183,ACC171592,19.49,EUR,2025-06-11 06:59:27
TXN00000184,ACC916382,9.89,USD,2025-06-06 01:08:30
TXN00000185,ACC573341,15.05,EUR,2025-06-28 18:37:27
TXN00000186,ACC640590,10.15,GBP,2025-06-13 21:50:33
TXN00000187,ACC112171,11.06,JPY,2025-06-25 11:03:42
TXN00000188,ACC534897,64.75,CAD,2025-06-23 20:48:28
TXN00000189,ACC936773,16.32,GBP,2025-06-07 02:23:24
TXN00000190,ACC895759,9.52,EUR,2025-06-12 09:24:09
TXN00000191,ACC712342,123.1,JPY,2025-06-24 15:41:06
TXN00000192,ACC913306,11.77,EUR,2025-06-21 16:44:55
TXN00000193,ACC469790,44.21,GBP,2025-06-17 03:19:04
TXN00000194,ACC143657,4.67,EUR,2025-06-04 20:53:47
TXN00000195,ACC388296,,USD,2025-06-19 10:07:03
TXN00000196,ACC174642,86.76,EUR,2025-06-23 14:55:23
TXN00000197,ACC588647,18.28,EUR,2025-06-05 10:49:17
TXN00000198,ACC975249,10.78,USD,2025-06-18 17:37:30
TXN00000199,ACC772676,22.5,JPY,2025-06-28 10:24:57
TXN00000200,ACC518412,12.87,USD,2025-06-26 07:30:24
TXN00000201,ACC689530,29.59,EUR,2025-06-13 05:16:06
TXN00000202,ACC496545,30.76,JPY,2025-06-07 02:18:08
TXN00000203,ACC157310,23.06,EUR,2025-06-12 04:25:39
TXN00000204,ACC791230,46.13,USD,2025-06-24 04:44:53
TXN00000205,ACC253387,22.06,JPY,2025-06-08 08:39:21
TXN00000206,ACC247227,36.56,EUR,2025-06-04 22:46:16
TXN00000207,ACC178656,42.02,GBP,2025-06-10 08:38:05
TXN00000208,ACC201086,11.44,CAD,2025-06-15 08:23:36
TXN00000209,ACC519630,3.91,GBP,2025-06-08 06:37:23
TXN00000210,ACC189524,46.68,USD,2025-06-17 19:52:15
TXN00000211,ACC455058,98.5,USD,2025-07-02 17:09:47
TXN00000212,ACC784156,82.46,USD,2025-06-30 09:39:04
TXN00000213,ACC659762,10.33,USD,2025-06-09 04:34:08
TXN00000214,ACC489085,42.12,EUR,2025-06-15 03:06:16
TXN00000215,ACC314612,39.99,GBP,2025-06-13 23:12:02
TXN00000216,ACC291108,48.92,JPY,2025-06-28 09:23:45
TXN00000217,ACC298119,40.32,CAD,2025-06-24 23:20:36
TXN00000218,ACC827147,61.23,GBP,2025-07-01 16:21:39
TXN00000219,ACC302667,8.04,XXX,2025-06-03 17:22:26
TXN00000220,ACC803419,10.96,JPY,2025-07-01 15:51:56
TXN00000221,ACC927876,15.59,JPY,2025-06-16 17:50:04
TXN00000222,ACC429251,16.86,USD,2025-06-16 13:30:14
TXN00000223,ACC537553,4.0,CAD,2025-06-18 02:30:18
TXN00000224,ACC920386,56.9,JPY,2025-06-06 04:18:48
TXN00000225,ACC715263,1.59,EUR,2025-06-25 11:59:19
TXN00000226,ACC141942,34.94,GBP,2025-06-10 14:11:31
TXN00000227,ACC419796,3.26,GBP,2025-07-02 05:07:22
TXN00000228,ACC310701,20.37,GBP,2025-06-21 02:03:23
TXN00000229,ACC583878,93.54,JPY,2025-06-19 21:25:23
TXN00000230,ACC886171,3.28,EUR,2025-06-28 15:42:55
TXN00000231,ACC481482,15.01,CAD,2025-06-10 03:29:38
TXN00000232,ACC403504,10.34,JPY,2025-06-04 19:48:56
TXN00000233,ACC473876,180.75,JPY,2025-06-09 01:42:04
TXN00000234,ACC314520,209.08,USD,2025-06-26 16:44:31
TXN00000235,ACC988647,32.23,CAD,2025-06-27 23:27:32
TXN00000236,ACC243666,34.21,JPY,2025-06-17 23:22:55
TXN00000237,ACC700497,11.4,XXX,2025-06-19 04:16:28
TXN00000238,ACC569230,102.71,EUR,2025-06-23 06:40:49
TXN00000239,ACC205842,19.35,EUR,2025-06-25 20:00:28
TXN00000240,ACC432649,5.97,USD,2025-06-19 08:30:51
TXN00000241,ACC963790,41.65,JPY,2025-06-27 21:30:36
TXN00000242,ACC705889,30.17,JPY,2025-06-13 16:18:43
TXN00000243,ACC868420,75.44,USD,2025-06-18 21:17:14
TXN00000244,ACC357719,11.38,USD,2025-06-15 19:56:34
TXN00000245,ACC358662,10.83,CAD,2025-06-12 19:40:03
TXN00000246,ACC200395,39.41,CAD,2025-06-24 05:36:44
TXN00000247,ACC413409,38.19,GBP,2025-06-21 00:39:11
TXN00000248,ACC556035,13.37,JPY,2025-06-27 20:44:11
TXN00000249,ACC561291,20.66,GBP,2025-06-19 13:51:54
TXN00000250,ACC983707,12.75,JPY,2025-06-10 11:49:50
TXN00000251,ACC183709,40.66,JPY,2025-06-20 20:13:43
TXN00000252,ACC990147,13.38,USD,2025-06-04 02:53:31
TXN00000253,ACC548827,20.5,JPY,2025-06-09 22:26:26
TXN00000254,ACC906881,2.39,CAD,2025-06-20 02:25:31
TXN00000255,ACC953682,64.86,EUR,2025-06-22 23:25:01
TXN00000256,ACC413263,66.66,EUR,2025-06-19 10:09:35
TXN00000257,ACC780268,48.36,CAD,2025-06-10 18:29:18
TXN00000258,ACC731184,27.95,JPY,2025-06-15 14:32:01
TXN00000259,ACC235547,6.39,EUR,2025-06-18 06:18:03
TXN00000260,ACC951376,15.83,CAD,2025-06-11 16:58:08
TXN00000261,ACC344242,22.33,EUR,2025-06-27 19:44:10
TXN00000262,ACC457052,74.6,USD,2025-06-11 01:41:39
TXN00000263,ACC397097,21.11,USD,2025-06-22 02:00:06
TXN00000264,ACC411788,7.46,USD,2025-06-17 22:49:21
TXN00000265,ACC453428,36.92,USD,2025-06-05 12:15:54
TXN00000266,ACC720774,101.07,JPY,2025-06-15 01:47:50
TXN00000267,ACC803719,51.4,USD,2025-06-24 07:20:10
TXN00000268,ACC749568,11.21,EUR,2025-06-26 12:48:18
TXN00000269,ACC540660,26.62,CAD,2025-06-03 23:12:54
TXN00000269,ACC581651,46.72,EUR,2025-06-25 23:48:47
TXN00000271,ACC320745,7.42,USD,2025-06-17 18:50:49
TXN00000272,ACC635956,6.61,EUR,2025-06-22 20:22:32
TXN00000273,ACC517353,6.86,GBP,2025-06-07 00:48:50
TXN00000274,ACC104469,28.55,JPY,2025-06-20 18:46:10
TXN00000275,ACC271380,16.66,USD,2025-06-04 12:51:39
TXN00000276,ACC232769,25.76,JPY,2025-06-20 18:10:25
TXN00000277,ACC742498,48.89,EUR,2025-06-24 18:25:36
TXN00000278,ACC841088,15.81,CAD,2025-06-03 19:06:12
TXN00000279,ACC873995,35.52,USD,2025-06-28 16:03:25
TXN00000280,ACC638482,7.82,USD,invalid-date
TXN00000281,ACC761343,11.65,EUR,2025-06-13 16:19:05
TXN00000282,ACC280660,45.93,JPY,2025-06-15 22:07:35
TXN00000283,ACC841173,12.12,JPY,2025-06-08 14:53:17
TXN00000284,ACC495308,15.89,CAD,2025-06-09 07:06:39
TXN00000285,ACC759307,22.7,JPY,2025-06-26 21:04:25
TXN00000286,ACC101746,8.77,GBP,2025-06-22 17:32:39
TXN00000287,ACC969180,41.92,GBP,2025-06-23 03:14:53
TXN00000288,ACC233298,5.02,JPY,2025-06-11 10:57:54
TXN00000289,ACC333719,21.56,USD,2025-06-30 00:38:22
TXN00000290,ACC893462,21.97,CAD,2025-06-15 18:51:55
TXN00000291,ACC605700,15.8,EUR,2025-06-04 08:17:53
TXN00000292,ACC634874,135.91,CAD,2025-06-14 23:15:33
TXN00000293,ACC826995,8.92,EUR,2025-06-14 04:03:20
,ACC455655,33.53,GBP,2025-06-15 20:55:58
TXN00000295,ACC364407,15.87,EUR,2025-06-14 09:17:48
TXN00000296,ACC947130,31.88,USD,2025-06-03 17:39:14
TXN00000297,ACC849327,38.92,GBP,2025-06-21 18:06:01
TXN00000298,ACC817985,12.0,CAD,2025-06-25 12:04:13
TXN00000299,ACC818691,39.47,CAD,2025-06-06 07:54:17
TXN00000300,ACC956114,23.04,CAD,2025-06-15 01:42:47
TXN00000301,ACC380805,101.8,JPY,2025-06-28 20:49:06
TXN00000302,ACC125978,8.0,GBP,2025-06-18 18:32:51
TXN00000303,ACC604259,7.48,CAD,2025-06-17 07:49:45
TXN00000304,ACC933298,23.17,CAD,2025-06-20 05:20:24
TXN00000305,ACC129453,187.37,USD,2025-07-01 00:41:47
TXN00000306,ACC938666,20.35,USD,2025-06-11 09:25:10
TXN00000307,ACC370863,8.69,GBP,2025-06-13 14:12:32
TXN00000308,ACC960765,18.92,EUR,2025-06-14 01:52:01
TXN00000309,ACC497408,25.52,JPY,2025-06-29 22:14:33
TXN00000310,ACC872140,30.37,EUR,2025-06-06 20:13:22
TXN00000311,ACC774658,13.66,GBP,2025-06-04 20:19:54
TXN00000312,ACC187799,59.51,EUR,2025-06-24 02:05:22
TXN00000313,ACC464230,37.76,EUR,2025-06-05 10:00:39
TXN00000314,ACC289396,5.24,GBP,2025-06-19 14:08:20
TXN00000315,ACC579318,8.33,JPY,2025-06-04 11:03:50
,ACC805297,8.22,EUR,2025-06-26 16:07:30
TXN00000317,ACC681702,19.43,JPY,2025-06-22 17:37:00
TXN00000318,ACC500720,41.37,CAD,2025-06-12 07:59:36
TXN00000319,ACC330171,8.1,EUR,2025-06-22 20:30:37
TXN00000320,ACC403342,21.98,EUR,2025-06-04 22:08:04
TXN00000321,ACC125083,17.91,USD,2025-06-10 10:43:57
TXN00000322,ACC863602,17.73,USD,2025-06-19 00:59:17
TXN00000323,ACC737328,4.94,CAD,2025-06-15 06:22:37
TXN00000324,ACC567415,6.54,USD,2025-06-14 03:14:25
TXN00000325,ACC175338,72.52,GBP,2025-06-09 03:38:03
TXN00000326,ACC235361,2.47,CAD,2025-06-05 10:57:11
TXN00000327,ACC771410,62.29,CAD,2025-06-09 06:40:02
TXN00000328,ACC441512,52.37,GBP,2025-06-15 01:04:25
TXN00000329,ACC800640,43.61,EUR,2025-06-20 22:43:52
TXN00000330,ACC774549,78.43,JPY,2025-06-17 00:26:13
TXN00000331,ACC825449,1.99,CAD,2025-06-17 07:03:54
TXN00000332,ACC516097,11.68,JPY,2025-06-24 10:44:07
TXN00000333,ACC401317,119.73,JPY,2025-06-19 22:22:28
TXN00000334,ACC945360,33.82,USD,2025-06-20 05:06:17
TXN00000335,ACC755260,20.55,JPY,2025-06-19 09:28:14
TXN00000336,ACC301479,11.26,GBP,2025-06-03 03:23:34
TXN00000337,ACC480085,8.53,GBP,2025-06-16 19:36:42
TXN00000338,ACC425720,9.11,GBP,2025-06-13 06:30:33
TXN00000339,ACC187898,78.89,JPY,2025-06-14 03:59:07
TXN00000340,ACC381246,29.7,CAD,2025-06-28 16:37:51
TXN00000341,ACC298447,51.6,GBP,2025-06-15 03:16:38
TXN00000342,ACC128866,41.0,JPY,2025-06-18 12:47:19
TXN00000343,ACC599163,36.73,JPY,2025-06-10 21:15:54
TXN00000344,ACC601235,34.35,CAD,2025-06-27 12:16:39
TXN00000345,ACC949294,59.71,JPY,2025-06-25 08:04:36
TXN00000346,ACC733758,7.04,EUR,2025-06-20 21:02:41
TXN00000347,ACC329159,57.33,USD,2025-06-19 22:42:37
TXN00000348,ACC133885,5.84,USD,2025-06-29 19:03:41
TXN00000349,ACC100699,11.11,EUR,2025-06-28 01:52:29
TXN00000350,ACC195576,6.98,CAD,2025-07-01 02:53:18
TXN00000351,ACC703148,17.24,EUR,2025-06-04 15:19:05
TXN00000352,ACC424352,65.08,USD,2025-06-21 07:40:39
TXN00000353,ACC538065,11.01,USD,2025-06-11 16:57:02
TXN00000354,ACC955396,11.96,JPY,2025-06-17 10:05:40
TXN00000355,ACC243375,23.36,EUR,2025-06-06 13:25:02
TXN00000356,ACC343361,44.71,GBP,2025-06-22 14:11:32
TXN00000357,ACC909375,15.49,XXX,2025-06-09 17:02:18
TXN00000358,ACC191999,12.13,USD,2025-06-26 06:00:31
TXN00000359,ACC387690,29.22,GBP,2025-06-09 02:38:53
TXN00000360,ACC882706,35.54,GBP,2025-06-30 05:50:07
TXN00000361,ACC756835,15.35,EUR,2025-06-30 10:59:43
TXN00000362,ACC573219,5.03,GBP,2025-06-18 03:27:43
TXN00000363,ACC145115,57.28,GBP,2025-06-25 01:00:38
TXN00000364,ACC833898,33.25,XXX,2025-06-09 02:17:17
TXN00000365,ACC712476,19.68,,2025-06-16 07:34:55
TXN00000366,ACC416206,-13.08,CAD,2025-06-08 20:43:51
TXN00000367,ACC940943,11.36,GBP,2025-06-04 16:52:08
TXN00000368,ACC255619,5.94,CAD,2025-06-04 08:21:33
TXN00000369,ACC487157,33.74,GBP,2025-06-23 12:20:10
TXN00000370,ACC922643,46.8,CAD,2025-06-25 06:17:24
TXN00000371,ACC553599,49.99,JPY,2025-06-08 05:50:00
TXN00000372,ACC311367,54.85,CAD,2025-06-04 12:58:24
TXN00000373,ACC371196,21.44,CAD,2025-06-11 02:16:33
TXN00000374,ACC940393,42.86,USD,2025-06-14 20:34:52
TXN00000375,ACC838796,19.98,CAD,2025-06-15 06:04:39
TXN00000376,ACC981883,11.02,USD,2025-06-11 13:32:54
TXN00000377,ACC999135,25.91,USD,2025-07-02 08:00:50
TXN00000378,ACC460973,17.72,EUR,2025-06-28 04:24:54
TXN00000379,ACC566893,84.9,CAD,2025-06-09 21:11:52
TXN00000380,ACC230881,6.27,EUR,2025-06-28 04:02:59
TXN00000381,ACC158913,10.25,JPY,2025-07-01 09:26:00
TXN00000382,ACC684613,5.72,GBP,2025-06-17 10:34:06
TXN00000383,ACC559544,15.24,EUR,2025-06-16 15:51:41
TXN00000384,ACC582698,145.23,USD,2025-06-06 00:30:05
TXN00000385,ACC879651,17.87,JPY,2025-06-16 14:01:22
TXN00000386,ACC105150,8.6,JPY,2025-06-08 00:05:23
TXN00000387,ACC570106,16.32,JPY,2025-06-04 04:02:27
TXN00000388,ACC848762,39.17,USD,2025-06-25 21:43:23
TXN00000389,ACC112186,7.24,GBP,2025-06-13 00:47:35
TXN00000390,ACC753701,164.89,GBP,2025-06-20 00:31:22
TXN00000391,ACC942964,12.38,EUR,2025-06-13 09:11:52
TXN00000392,ACC233586,14.86,EUR,2025-06-18 00:00:38
TXN00000393,ACC405966,28.67,CAD,2025-06-13 06:29:15
TXN00000394,ACC404636,9.52,USD,2025-06-20 13:50:33
TXN00000395,ACC655296,48.68,GBP,2025-06-24 20:49:05
TXN00000396,ACC117492,33.62,JPY,2025-06-13 17:19:38
TXN00000397,ACC300761,31.76,EUR,2025-06-06 09:11:48
TXN00000398,ACC508183,18.72,JPY,2025-06-03 14:24:57
TXN00000399,ACC299796,10.87,EUR,2025-06-10 07:47:30
TXN00000400,ACC664568,28.22,JPY,2025-06-25 08:09:06
TXN00000401,ACC807192,163.09,CAD,2025-06-16 17:19:40
TXN00000402,ACC974363,14.84,CAD,2025-06-15 17:05:43
TXN00000403,ACC568026,20.86,GBP,2025-06-03 08:36:39
TXN00000404,ACC122760,29.93,GBP,2025-06-12 11:47:45
TXN00000405,ACC340049,56.37,CAD,2025-06-28 13:51:58
TXN00000406,ACC555705,140.45,EUR,2025-06-25 08:17:46
TXN00000407,ACC674298,54.21,EUR,2025-06-21 10:45:55
TXN00000408,ACC981952,3.72,USD,2025-06-25 17:11:43
TXN00000409,ACC236683,196.83,JPY,2025-06-04 08:29:04
TXN00000410,ACC720768,13.33,EUR,2025-06-21 18:52:36
TXN00000411,ACC797957,20.13,EUR,2025-06-06 21:48:32
TXN00000412,ACC117458,24.1,GBP,2025-06-12 03:36:41
TXN00000413,ACC686935,10.13,JPY,2025-06-06 00:57:36
TXN00000414,ACC641010,5.83,JPY,2025-06-29 21:39:58
TXN00000415,ACC961825,61.7,EUR,2025-06-15 03:47:23
TXN00000416,ACC690709,98.98,JPY,2025-06-13 07:32:17
TXN00000417,ACC655062,58.22,USD,2025-06-05 19:57:27
TXN00000418,ACC542652,5.4,USD,2025-06-16 13:41:41
TXN00000419,ACC106347,111.78,USD,2025-06-08 12:20:11
TXN00000420,ACC976705,29.21,EUR,2025-06-21 23:54:11
TXN00000421,ACC823950,123.11,EUR,2025-06-22 13:20:26
TXN00000422,ACC799500,129.38,EUR,2025-06-14 00:17:40
TXN00000423,ACC179077,9.17,EUR,2025-06-25 18:42:01
TXN00000424,ACC954718,11.11,GBP,2025-06-26 13:47:26
TXN00000425,ACC665101,21.11,GBP,2025-06-19 22:17:40
TXN00000426,ACC505879,5.05,EUR,2025-06-21 07:30:53
TXN00000427,ACC213076,22.83,USD,2025-07-02 13:05:50
TXN00000428,ACC640227,0.73,GBP,2025-06-10 20:22:02
TXN00000429,ACC647471,96.26,GBP,2025-06-22 17:54:31
TXN00000430,ACC637051,41.87,USD,2025-06-14 19:41:11
TXN00000430,ACC158733,87.21,USD,2025-06-05 00:25:38
TXN00000432,ACC499735,11.35,CAD,2025-06-21 13:26:15
TXN00000433,ACC550405,36.63,GBP,2025-06-25 02:45:43
TXN00000434,ACC445320,2.57,CAD,2025-06-03 11:32:08
TXN00000435,ACC867618,16.24,JPY,2025-06-27 14:36:25
TXN00000436,ACC837005,14.86,CAD,2025-06-23 13:55:15
TXN00000437,ACC902573,116.51,XXX,2025-06-05 17:24:19
TXN00000438,ACC791411,208.88,GBP,2025-06-16 23:30:25
TXN00000439,ACC529667,10.64,GBP,2025-06-25 02:20:30
TXN00000440,ACC164162,21.69,USD,2025-06-18 04:58:28
TXN00000441,ACC745215,31.14,GBP,2025-06-08 08:44:26
TXN00000442,ACC116337,11.05,USD,2025-06-18 15:32:18
TXN00000443,ACC824100,24.19,EUR,2025-06-05 13:15:45
TXN00000444,ACC988690,21.15,EUR,2025-06-11 00:24:26
TXN00000445,ACC466667,103.0,JPY,2025-06-24 02:41:04
TXN00000446,ACC859022,111.01,USD,2025-06-11 03:35:42
TXN00000447,ACC799753,12.75,GBP,2025-06-12 05:40:49
TXN00000448,ACC409747,67.18,USD,2025-06-19 05:58:39
TXN00000449,ACC669533,11.48,EUR,2025-06-08 06:25:13
TXN00000450,ACC248510,112.64,JPY,2025-07-01 06:29:54
TXN00000451,ACC622321,16.25,GBP,2025-06-07 10:47:03
TXN00000452,ACC715992,17.1,GBP,2025-06-13 04:48:26
TXN00000453,ACC756578,6.61,EUR,2025-06-08 05:38:45
TXN00000454,ACC177439,22.7,USD,2025-06-21 15:34:41
TXN00000455,ACC501173,12.19,CAD,2025-06-20 17:12:11
TXN00000456,ACC127559,41.36,USD,2025-06-04 13:08:47
TXN00000457,ACC515325,21.55,CAD,2025-06-03 19:31:05
TXN00000458,ACC495122,6.74,GBP,2025-07-02 13:05:02
TXN00000459,ACC530463,23.2,JPY,2025-06-06 15:46:30
TXN00000460,ACC914927,18.49,CAD,2025-06-19 03:41:42
TXN00000461,ACC820834,26.37,EUR,2025-06-19 04:34:58
TXN00000462,ACC110239,87.17,USD,2025-06-07 20:34:25
TXN00000463,ACC955991,9.85,USD,2025-06-21 16:05:34
TXN00000464,ACC589047,15.42,EUR,2025-06-05 07:02:22
TXN00000465,ACC549117,35.36,USD,2025-06-19 03:44:28
TXN00000466,ACC404592,18.17,JPY,2025-06-17 19:23:04
TXN00000467,ACC616626,10.79,CAD,2025-06-05 14:04:00
TXN00000468,ACC766355,56.38,CAD,2025-06-05 15:43:12
TXN00000469,ACC431243,25.46,EUR,2025-06-08 20:22:11
TXN00000470,ACC323761,6.87,USD,2025-06-25 20:17:16
TXN00000471,ACC104255,5.67,EUR,2025-06-28 03:41:06
TXN00000472,ACC193689,5.09,EUR,2025-06-15 05:37:02
TXN00000473,ACC437392,19.09,CAD,2025-06-04 18:38:56
TXN00000474,ACC197578,8.39,USD,2025-06-30 20:32:53
TXN00000475,ACC750210,13.24,GBP,2025-06-05 15:39:20
TXN00000476,ACC511285,21.43,EUR,2025-06-09 11:51:25
TXN00000477,ACC563123,11.92,USD,2025-06-25 16:39:14
TXN00000478,ACC587473,16.92,GBP,2025-06-15 16:22:17
TXN00000479,ACC690195,318.3,JPY,2025-06-23 19:03:41
TXN00000480,ACC604296,15.37,USD,2025-06-15 05:39:22
TXN00000481,ACC990893,61.73,CAD,2025-06-10 00:18:13
TXN00000482,ACC113970,34.32,GBP,2025-06-22 03:03:21
TXN00000483,ACC513454,33.61,EUR,2025-06-13 09:23:36
TXN00000484,ACC620767,7.73,GBP,2025-06-15 02:59:27
TXN00000485,ACC732122,21.4,EUR,invalid-date
TXN00000486,ACC403520,168.34,GBP,2025-06-23 21:31:10
TXN00000487,ACC919529,13.05,JPY,2025-06-23 08:53:26
TXN00000488,ACC694383,28.14,EUR,2025-06-26 07:44:15
TXN00000489,ACC532035,14.32,JPY,invalid-date
TXN00000490,ACC197938,68.72,EUR,2025-06-21 05:12:00
TXN00000491,ACC514022,4.96,JPY,2025-06-21 19:50:42
TXN00000492,ACC315799,15.55,JPY,2025-07-01 10:21:07
TXN00000493,ACC336160,2.08,CAD,2025-06-21 16:07:21
TXN00000494,ACC867177,16.8,EUR,2025-06-08 23:39:46
TXN00000495,ACC766904,-12.27,JPY,2025-06-27 10:22:59
TXN00000496,ACC195410,3.62,USD,2025-06-22 06:27:17
TXN00000497,ACC113644,8.71,EUR,2025-06-11 09:55:49
TXN00000498,ACC310957,44.02,JPY,2025-06-04 02:49:12
TXN00000499,ACC256370,12.23,EUR,2025-06-27 21:57:32
TXN00000500,ACC412229,18.78,CAD,2025-06-12 11:12:23
TXN00000501,ACC970449,62.48,USD,2025-06-15 00:58:15
TXN00000502,ACC851822,2.9,EUR,2025-06-19 08:49:41
TXN00000503,ACC548320,,JPY,2025-06-13 11:56:41
TXN00000504,ACC402795,3.58,USD,2025-07-02 04:25:30
TXN00000505,ACC555347,95.01,JPY,2025-06-18 00:34:51
TXN00000506,ACC112251,96.88,EUR,2025-06-30 16:09:45
TXN00000507,ACC112813,11.48,CAD,2025-06-21 08:35:41
TXN00000508,ACC718322,15.58,JPY,2025-06-10 01:54:24
TXN00000509,ACC381897,7.6,JPY,2025-06-03 12:47:17
TXN00000510,ACC739394,27.23,GBP,2025-06-27 05:10:52
TXN00000511,ACC745934,21.19,EUR,2025-06-14 03:12:55
TXN00000511,ACC872657,6.07,EUR,2025-06-06 11:51:48
TXN00000513,ACC566271,6.8,CAD,2025-06-26 02:40:52
TXN00000514,ACC631639,9.94,EUR,2025-06-03 16:31:28
TXN00000515,ACC856477,26.03,USD,2025-06-25 23:40:24
TXN00000516,ACC425143,6.01,EUR,2025-06-14 12:49:19
TXN00000517,ACC675804,31.31,GBP,2025-06-24 14:41:41
TXN00000518,ACC568948,12.66,USD,2025-06-26 01:00:49
TXN00000519,ACC428215,7.04,JPY,2025-06-17 17:14:30
TXN00000520,ACC792854,21.95,GBP,2025-06-05 09:46:38
TXN00000521,ACC787149,35.79,JPY,2025-06-14 21:02:22
TXN00000522,ACC594160,3.55,XXX,2025-06-09 07:57:21
TXN00000523,ACC312524,25.78,GBP,2025-06-29 01:44:59
TXN00000524,ACC936600,4.2,CAD,2025-06-24 04:54:26
TXN00000525,ACC176351,1.73,CAD,2025-07-01 16:44:00
TXN00000526,ACC132134,35.91,GBP,2025-06-13 00:18:15
TXN00000527,ACC422095,21.98,GBP,2025-06-27 22:11:12
TXN00000528,,16.03,CAD,2025-06-26 20:33:53
TXN00000529,ACC417067,78.3,USD,2025-06-12 02:51:18
TXN00000530,ACC256230,30.99,EUR,2025-06-14 16:49:43
TXN00000531,ACC536764,112.74,CAD,2025-06-20 21:16:09
TXN00000532,ACC858224,68.53,JPY,2025-06-20 14:34:12
TXN00000533,ACC918532,4.2,USD,2025-06-23 14:01:13
TXN00000534,ACC120927,67.37,EUR,2025-06-19 02:40:34
TXN00000535,ACC204852,13.0,JPY,2025-06-23 03:19:01
TXN00000536,ACC394018,7.87,EUR,2025-06-18 10:31:33
TXN00000537,ACC833752,151.81,CAD,invalid-date
TXN00000538,ACC599105,25.15,EUR,2025-06-16 00:38:14
TXN00000539,ACC334201,212.11,EUR,2025-07-02 00:38:56
TXN00000540,ACC497879,122.17,JPY,2025-06-28 18:56:39
TXN00000541,ACC786451,9.35,JPY,2025-06-23 01:53:52
TXN00000542,ACC417782,77.04,GBP,2025-06-12 09:27:38
TXN00000543,ACC779094,21.24,GBP,2025-06-09 14:32:38
TXN00000544,ACC786015,100.15,EUR,2025-06-05 15:40:29
TXN00000545,ACC231230,38.39,EUR,2025-06-09 01:26:18
TXN00000546,ACC187118,30.32,GBP,2025-06-25 20:58:27
TXN00000547,ACC310715,11.22,EUR,2025-06-18 09:16:49
TXN00000548,ACC926367,71.28,EUR,2025-06-16 15:13:59
TXN00000549,ACC391084,78.47,EUR,2025-06-09 07:58:43
TXN00000550,ACC335100,13.7,USD,2025-06-16 23:23:03
TXN00000551,ACC270768,48.91,USD,2025-06-06 06:27:39
TXN00000552,ACC532941,55.75,CAD,2025-06-23 01:31:53
TXN00000553,ACC978754,2.69,JPY,2025-06-16 11:24:14
TXN00000554,ACC209201,14.87,USD,2025-06-20 15:43:09
TXN00000555,ACC149272,16.93,GBP,2025-06-18 14:08:02
TXN00000556,ACC779953,108.79,JPY,2025-06-24 07:51:01
TXN00000557,ACC469788,16.54,USD,2025-07-01 08:26:27
TXN00000558,ACC154363,22.61,JPY,2025-06-20 06:25:18
TXN00000559,ACC811484,22.64,EUR,2025-06-29 07:31:54
TXN00000560,ACC447770,25.6,CAD,2025-06-05 17:42:31
TXN00000561,ACC930305,105.2,CAD,2025-06-29 18:30:18
TXN00000562,ACC210170,56.64,EUR,2025-06-23 11:06:56
TXN00000563,ACC592005,8.87,GBP,2025-06-07 11:31:09
TXN00000564,ACC363734,6.15,EUR,2025-06-17 05:04:46
TXN00000565,ACC991036,104.61,CAD,2025-06-25 02:29:28
TXN00000566,ACC613293,11.75,USD,2025-06-09 09:54:57
TXN00000567,ACC465196,51.28,USD,2025-06-27 17:37:20
TXN00000568,ACC654386,17.29,EUR,2025-06-28 23:01:35
TXN00000569,ACC815619,3.62,GBP,2025-06-08 02:19:50
TXN00000570,ACC167185,20.76,EUR,2025-06-24 12:56:45
TXN00000571,ACC265766,10.28,USD,2025-06-11 18:21:41
TXN00000572,ACC505274,25.05,CAD,2025-06-19 09:42:41
TXN00000573,ACC534937,10.77,CAD,2025-06-05 02:45:42
TXN00000574,ACC208712,47.22,JPY,2025-06-06 00:47:34
TXN00000575,ACC971095,11.46,JPY,2025-06-10 21:07:27
TXN00000576,ACC161767,5.19,USD,2025-07-01 15:29:24
TXN00000577,ACC726936,50.89,XXX,2025-06-22 09:56:18
TXN00000578,ACC266971,46.47,EUR,2025-06-13 00:42:25
TXN00000579,ACC996538,6.52,GBP,2025-06-12 22:55:08
TXN00000580,ACC569895,8.52,JPY,2025-06-05 05:33:09
TXN00000581,ACC947096,126.59,EUR,2025-07-01 17:00:37
TXN00000582,ACC208470,10.58,JPY,2025-06-21 21:13:16
TXN00000582,ACC859337,28.54,CAD,2025-06-21 06:34:48
TXN00000584,ACC310900,24.11,GBP,2025-06-27 06:35:52
TXN00000585,ACC215589,12.15,GBP,2025-06-21 00:36:04
TXN00000586,ACC665824,6.37,EUR,2025-06-14 16:17:48
TXN00000587,ACC437461,21.98,CAD,2025-06-13 00:03:51
TXN00000588,ACC342248,4.0,CAD,2025-06-03 07:03:49
TXN00000589,ACC290876,49.75,CAD,2025-06-18 19:23:30
TXN00000590,ACC871728,13.06,GBP,2025-06-06 05:34:34
TXN00000591,ACC239290,44.05,USD,2025-06-24 02:28:43
TXN00000592,ACC361124,55.06,USD,2025-06-29 01:12:40
TXN00000593,ACC992275,80.83,USD,2025-06-05 19:13:24
TXN00000594,ACC811906,30.75,EUR,2025-07-02 09:32:00
TXN00000595,ACC869766,5.5,USD,2025-06-16 09:24:42
TXN00000596,ACC881713,21.56,CAD,2025-06-09 17:53:47
TXN00000597,ACC868375,11.4,USD,2025-06-18 22:25:30
TXN00000598,ACC707991,19.38,EUR,2025-06-27 22:42:02
TXN00000599,ACC349995,41.2,JPY,2025-06-07 14:24:59
TXN00000600,ACC245949,7.74,USD,2025-07-02 02:43:41
TXN00000601,ACC990501,13.02,USD,2025-06-15 21:17:05
TXN00000602,ACC500240,9.97,EUR,2025-06-24 06:38:09
TXN00000603,ACC987758,128.62,EUR,2025-06-27 01:35:35
TXN00000604,ACC342450,15.21,CAD,2025-06-29 08:24:35
TXN00000605,ACC712528,3.02,USD,2025-06-04 05:54:03
TXN00000606,ACC305573,8.54,EUR,2025-06-25 15:45:30
TXN00000607,ACC995559,42.78,CAD,2025-06-15 19:02:23
TXN00000608,ACC293085,29.31,USD,2025-06-16 00:34:08
TXN00000609,ACC564930,25.03,EUR,2025-06-04 08:49:09
TXN00000610,ACC164073,11.93,GBP,2025-06-25 10:22:06
TXN00000611,ACC578005,31.37,EUR,2025-06-18 17:42:43
TXN00000612,ACC164351,18.17,EUR,2025-06-13 05:30:39
TXN00000613,ACC948798,4.01,JPY,2025-06-11 07:03:53
TXN00000614,ACC751217,10.62,USD,2025-06-04 11:32:02
TXN00000615,ACC542452,32.82,USD,2025-06-07 08:52:51
TXN00000616,ACC687926,34.12,GBP,2025-06-15 13:56:20
TXN00000617,ACC156769,5.4,EUR,2025-06-06 02:16:42
TXN00000618,ACC544525,15.38,CAD,2025-06-09 06:15:10
TXN00000619,ACC270492,79.44,JPY,2025-06-30 05:51:15
TXN00000620,ACC749167,8.44,USD,2025-06-24 09:10:06
TXN00000621,ACC968289,25.14,EUR,2025-06-29 16:31:03
TXN00000622,ACC515129,16.99,GBP,2025-06-25 03:09:48
TXN00000623,ACC813780,22.92,EUR,2025-06-07 16:46:45
TXN00000624,ACC114726,6.03,EUR,2025-06-07 18:33:03
TXN00000625,ACC411870,43.08,EUR,2025-06-23 18:04:02
TXN00000626,ACC898836,17.75,CAD,2025-06-07 17:22:34
TXN00000627,ACC353085,5.79,CAD,2025-07-01 02:30:58
TXN00000628,ACC222574,24.11,CAD,2025-06-22 09:51:48
TXN00000629,ACC273354,8.0,JPY,2025-06-07 11:10:58
TXN00000630,ACC516896,11.85,CAD,2025-06-29 17:52:38
TXN00000631,ACC437885,38.5,USD,2025-06-23 20:21:31
TXN00000632,ACC863885,69.39,CAD,invalid-date
TXN00000633,ACC285874,4.15,GBP,2025-07-02 16:31:41
TXN00000634,ACC458353,27.38,CAD,2025-06-13 16:56:52
TXN00000635,ACC704846,48.2,USD,2025-06-17 18:00:35
TXN00000636,ACC172111,91.88,GBP,2025-06-30 12:07:48
TXN00000637,ACC387691,14.17,EUR,2025-06-15 23:56:55
TXN00000638,ACC746207,41.02,JPY,2025-06-07 09:27:50
TXN00000639,ACC405073,37.26,USD,2025-06-08 04:55:14
TXN00000640,ACC685129,20.82,CAD,2025-06-09 23:45:01
TXN00000641,ACC415742,3.69,GBP,2025-06-18 02:31:28
TXN00000642,ACC528761,63.5,EUR,2025-06-15 23:49:54
TXN00000643,ACC982129,7.09,CAD,2025-06-05 11:19:02
TXN00000644,ACC144955,65.98,CAD,2025-06-05 13:08:10
TXN00000645,ACC633005,10.36,GBP,2025-06-05 00:27:37
TXN00000646,ACC554537,6.99,USD,2025-06-05 18:43:48
TXN00000647,ACC633179,24.67,CAD,2025-06-15 02:21:56
TXN00000648,ACC258433,28.77,CAD,2025-06-26 22:08:23
TXN00000649,ACC452553,20.17,CAD,2025-06-15 22:04:32
TXN00000650,ACC503535,21.29,GBP,2025-06-13 09:56:10
TXN00000651,ACC776530,25.5,JPY,2025-06-27 19:11:54
TXN00000652,ACC478778,16.04,JPY,2025-06-21 15:28:44
TXN00000653,ACC205688,18.49,EUR,2025-06-14 10:42:23
TXN00000654,ACC540370,61.41,GBP,invalid-date
TXN00000655,ACC576096,29.22,CAD,2025-06-09 23:19:43
TXN00000656,ACC225499,42.16,XXX,2025-06-22 00:20:11
TXN00000657,ACC724764,7.52,CAD,2025-06-09 02:17:50
TXN00000658,ACC451933,2.37,EUR,2025-06-04 07:02:26
TXN00000659,ACC730716,15.88,USD,2025-07-01 12:15:10
TXN00000660,ACC643137,62.55,EUR,2025-07-01 21:57:24
TXN00000661,ACC924872,40.98,CAD,2025-06-23 04:02:40
TXN00000662,ACC626131,8.72,USD,2025-06-30 16:55:36
TXN00000663,ACC612196,15.16,GBP,2025-06-27 05:17:36
TXN00000664,ACC787747,43.93,CAD,2025-06-13 17:36:42
TXN00000665,ACC961233,-17.32,JPY,2025-06-07 01:23:11
TXN00000666,ACC249517,10.9,EUR,2025-06-13 17:33:25
TXN00000667,ACC616724,6.65,JPY,2025-06-25 01:14:43
TXN00000668,ACC901931,26.58,JPY,2025-06-09 23:25:45
TXN00000669,ACC542467,7.6,JPY,2025-06-27 02:59:46
TXN00000670,ACC670936,33.83,JPY,2025-06-13 18:48:29
TXN00000671,ACC779759,89.95,EUR,2025-06-12 10:55:03
TXN00000672,ACC440642,3.89,GBP,2025-06-30 20:16:18
TXN00000673,ACC771116,15.32,JPY,2025-06-26 03:32:22
TXN00000674,ACC950251,9.95,EUR,2025-06-14 10:06:37
TXN00000675,ACC503549,11.9,CAD,2025-06-11 19:29:40
TXN00000676,ACC342107,44.84,GBP,2025-06-30 16:02:45
TXN00000676,ACC219160,24.46,JPY,2025-06-11 13:51:43
TXN00000678,ACC273974,4.86,EUR,2025-06-24 10:04:34
TXN00000679,ACC376644,5.45,CAD,2025-06-06 20:06:02
,ACC223775,20.3,GBP,2025-06-24 12:16:25
TXN00000681,ACC546848,15.05,USD,2025-06-07 10:34:47
TXN00000682,ACC868397,26.95,EUR,2025-06-10 08:04:58
TXN00000683,ACC882761,184.39,EUR,2025-06-09 07:45:52
TXN00000684,ACC710100,19.89,GBP,2025-06-10 03:05:44
TXN00000685,ACC495427,25.64,CAD,2025-06-08 22:41:11
TXN00000686,ACC748538,53.85,EUR,2025-06-23 07:18:00
TXN00000687,ACC339898,100.49,USD,2025-06-21 01:14:28
TXN00000688,ACC982328,236.41,CAD,2025-06-19 11:28:19
TXN00000689,ACC852061,37.19,USD,2025-06-12 21:28:41
TXN00000690,ACC160879,44.46,JPY,2025-06-27 23:58:55
TXN00000691,ACC161710,6.58,CAD,2025-06-16 08:09:54
TXN00000692,ACC762737,27.5,GBP,2025-06-11 21:17:07
TXN00000693,ACC103560,16.61,GBP,2025-06-05 09:12:29
TXN00000694,ACC326802,4.86,JPY,2025-06-26 23:29:57
TXN00000695,ACC241332,8.43,USD,2025-06-20 20:34:33
TXN00000696,ACC529820,56.16,JPY,2025-06-16 09:11:00
TXN00000697,ACC450305,17.36,JPY,2025-06-08 15:36:41
TXN00000698,ACC518646,64.11,JPY,2025-06-10 18:54:00
TXN00000699,ACC652404,106.68,USD,2025-06-29 16:53:19
TXN00000700,ACC842146,31.62,USD,2025-06-04 10:51:25
TXN00000701,ACC572533,3.47,JPY,2025-06-06 05:54:30
TXN00000702,ACC490832,4.29,GBP,2025-06-22 04:29:25
TXN00000703,ACC256279,70.05,EUR,2025-06-25 23:06:03
TXN00000704,ACC179894,32.26,JPY,2025-06-15 19:40:10
TXN00000705,ACC501614,204.16,CAD,2025-06-11 08:09:35
TXN00000706,ACC627543,-77.06,EUR,2025-06-29 08:59:37
TXN00000707,ACC251301,9.4,JPY,2025-06-04 19:55:09
TXN00000708,ACC302001,12.31,USD,2025-06-28 07:39:43
TXN00000709,ACC528758,12.97,GBP,2025-06-21 19:29:12
TXN00000710,ACC969903,19.23,USD,2025-06-13 06:18:04
TXN00000711,ACC382518,3.31,JPY,2025-06-08 02:52:28
TXN00000712,ACC349481,25.89,EUR,2025-06-23 01:01:36
TXN00000713,ACC594867,10.03,USD,2025-06-17 17:41:05
TXN00000714,ACC628223,5.47,GBP,2025-06-24 08:48:38
TXN00000715,ACC139838,-3.4,USD,2025-06-27 11:59:29
TXN00000716,ACC255903,44.82,USD,2025-06-29 23:16:01
TXN00000717,ACC627957,32.19,GBP,2025-06-27 15:59:37
TXN00000718,ACC200514,35.61,CAD,2025-06-03 13:09:34
TXN00000719,ACC776076,10.77,XXX,2025-06-08 10:52:36
TXN00000720,ACC758124,11.48,CAD,2025-06-05 01:36:40
TXN00000721,ACC158657,17.08,JPY,2025-06-25 22:11:20
TXN00000722,ACC873788,66.71,EUR,2025-06-03 22:14:20
TXN00000723,ACC692063,7.53,USD,2025-06-25 11:05:18
TXN00000724,ACC746339,2.14,JPY,2025-07-01 15:18:57
TXN00000725,ACC147440,15.1,GBP,2025-06-13 23:08:05
TXN00000726,ACC483044,19.91,GBP,2025-06-13 15:38:40
TXN00000727,ACC159762,10.59,USD,2025-07-01 11:54:32
TXN00000728,ACC897617,17.59,GBP,2025-06-09 13:53:35
TXN00000729,ACC963895,14.6,GBP,2025-06-22 10:57:43
TXN00000730,ACC173709,21.64,JPY,2025-06-09 18:46:30
TXN00000731,ACC470323,20.19,EUR,2025-06-04 22:43:46
TXN00000732,ACC947324,5.05,JPY,2025-06-04 14:26:42
TXN00000733,ACC778810,14.0,USD,2025-06-08 00:44:14
TXN00000734,ACC206975,33.64,JPY,2025-06-21 20:38:17
TXN00000735,ACC737889,15.59,USD,2025-06-11 15:25:47
TXN00000736,ACC258223,24.16,JPY,2025-06-12 21:06:01
TXN00000737,ACC574750,80.27,JPY,2025-06-19 16:39:10
TXN00000738,ACC798782,5.79,JPY,2025-06-25 12:29:55
TXN00000739,ACC702744,54.46,EUR,2025-06-26 06:29:04
TXN00000740,ACC288031,7.68,CAD,2025-06-13 23:30:22
TXN00000741,ACC979313,6.39,GBP,2025-06-27 12:14:24
TXN00000742,ACC670449,23.76,USD,2025-06-13 07:43:02
TXN00000743,ACC290025,6.23,GBP,2025-06-06 23:59:51
TXN00000744,ACC576711,25.74,EUR,2025-06-12 12:42:31
TXN00000745,ACC659682,15.42,CAD,2025-06-20 12:49:05
TXN00000746,ACC142993,30.87,CAD,2025-06-09 18:00:29
TXN00000747,ACC184062,39.33,GBP,2025-06-09 16:10:51
TXN00000748,ACC859686,68.09,USD,2025-06-13 13:21:21
TXN00000749,ACC704831,28.71,EUR,2025-06-05 03:24:47
TXN00000750,ACC728236,58.24,EUR,2025-06-29 02:40:52
TXN00000751,ACC288732,22.12,GBP,2025-06-29 13:18:10
TXN00000752,ACC291530,5.09,CAD,2025-06-14 11:45:56
TXN00000753,ACC966947,19.82,CAD,2025-06-14 02:33:33
TXN00000754,ACC177363,10.63,JPY,2025-06-26 03:25:41
TXN00000755,ACC646676,30.46,CAD,2025-06-24 21:42:48
TXN00000756,ACC454232,14.59,GBP,2025-06-09 16:56:22
TXN00000757,ACC639325,81.31,EUR,2025-06-04 02:36:48
TXN00000758,ACC340176,22.1,GBP,2025-06-14 02:20:26
TXN00000759,ACC829194,18.64,USD,2025-06-19 03:46:36
TXN00000760,ACC470458,5.53,USD,2025-06-12 06:10:13
TXN00000761,ACC966106,27.54,GBP,2025-06-26 00:14:33
TXN00000762,ACC612708,18.42,USD,2025-06-09 03:28:14
TXN00000763,ACC954621,7.35,GBP,2025-06-27 20:14:52
TXN00000764,ACC321230,28.52,EUR,2025-07-01 17:01:19
TXN00000765,ACC168143,20.05,EUR,2025-06-19 04:27:02
TXN00000765,ACC847729,6.77,EUR,2025-06-20 09:58:28
TXN00000767,ACC943541,49.37,JPY,2025-06-19 22:53:37
TXN00000768,ACC638255,10.74,USD,2025-06-11 17:31:13
TXN00000769,ACC631243,22.74,EUR,2025-07-01 09:22:25
TXN00000770,ACC168649,12.17,CAD,2025-06-17 01:05:43
TXN00000771,ACC255853,2.98,USD,2025-06-27 06:54:55
TXN00000772,ACC499625,13.23,GBP,2025-06-16 20:30:54
TXN00000773,ACC407007,10.26,GBP,2025-07-02 11:59:28
TXN00000774,ACC519126,13.01,JPY,2025-06-06 09:33:01
TXN00000775,ACC952549,47.92,CAD,2025-07-02 16:39:58
TXN00000776,ACC873271,4.73,CAD,2025-06-19 19:18:27
TXN00000777,ACC998880,14.75,CAD,2025-06-05 16:16:08
TXN00000778,ACC941845,85.98,EUR,2025-06-28 19:19:39
TXN00000779,ACC382063,245.17,EUR,2025-06-23 02:34:55
TXN00000780,ACC177487,42.02,GBP,2025-06-03 11:04:50
TXN00000780,ACC670704,7.16,USD,2025-06-12 21:37:56
TXN00000782,ACC405719,92.42,GBP,2025-06-11 23:56:23
TXN00000783,ACC319951,59.71,USD,2025-06-04 18:59:38
TXN00000784,ACC956204,31.3,USD,2025-06-18 00:21:20
TXN00000785,ACC789983,15.45,USD,2025-06-03 14:01:54
TXN00000786,ACC644928,156.44,CAD,2025-06-08 11:38:41
TXN00000787,ACC462543,174.62,JPY,2025-06-20 20:33:37
TXN00000788,ACC193179,19.55,JPY,2025-06-27 02:19:44
TXN00000789,ACC842294,30.12,EUR,2025-06-24 14:34:53
TXN00000790,ACC156571,60.15,JPY,2025-06-15 22:26:16
TXN00000791,ACC624016,7.77,JPY,2025-06-20 16:05:42
TXN00000792,ACC440337,10.37,JPY,2025-06-27 19:10:33
TXN00000793,ACC617534,29.27,JPY,2025-06-29 06:12:49
TXN00000794,ACC565362,20.82,USD,2025-06-12 01:18:44
TXN00000795,ACC132361,5.1,GBP,2025-06-22 10:42:11
TXN00000796,ACC159101,6.69,CAD,2025-06-08 17:33:29
TXN00000797,ACC306274,64.77,GBP,2025-06-03 06:14:35
TXN00000798,ACC564172,47.08,CAD,2025-06-16 11:58:03
TXN00000799,ACC699448,101.75,JPY,2025-06-30 11:31:39
TXN00000800,ACC315671,50.18,EUR,2025-06-18 04:46:34
TXN00000801,ACC328585,9.42,GBP,2025-06-05 14:04:34
TXN00000802,ACC331722,3.05,GBP,2025-06-26 15:44:50
TXN00000803,ACC361565,45.05,USD,2025-06-11 18:01:09
TXN00000804,ACC878322,-7.21,EUR,2025-06-27 14:54:01
TXN00000805,ACC524855,4.87,XXX,2025-06-27 12:44:54
TXN00000806,ACC471367,22.5,GBP,2025-06-13 14:59:56
TXN00000807,ACC626704,22.36,GBP,2025-06-04 03:34:05
TXN00000808,ACC273746,30.72,GBP,2025-06-28 02:12:11
TXN00000809,ACC617991,42.83,GBP,2025-07-02 03:57:43
TXN00000810,ACC912730,73.31,CAD,2025-06-30 14:43:29
TXN00000811,ACC657225,9.72,EUR,2025-06-04 12:19:01
TXN00000812,ACC467161,18.57,JPY,2025-07-01 09:18:11
TXN00000813,ACC711390,18.37,CAD,2025-06-13 20:58:57
TXN00000814,ACC178892,19.43,JPY,2025-06-23 21:31:54
TXN00000815,ACC997841,36.97,CAD,2025-06-26 15:27:29
TXN00000816,ACC493479,58.23,EUR,2025-06-28 08:38:15
TXN00000817,ACC157589,,CAD,2025-06-24 17:21:11
TXN00000818,ACC422334,6.36,EUR,2025-06-16 11:15:10
TXN00000819,ACC111100,39.22,USD,2025-06-02 22:48:48
TXN00000820,ACC841038,51.87,JPY,2025-06-24 19:29:28
TXN00000821,ACC772330,31.07,GBP,2025-06-24 13:43:35
TXN00000822,ACC108498,20.75,GBP,2025-06-07 12:04:15
TXN00000823,ACC780260,40.04,CAD,2025-06-06 16:10:50
TXN00000824,ACC907748,28.89,EUR,2025-06-23 08:30:08
TXN00000825,ACC309527,31.8,CAD,2025-06-04 21:11:36
TXN00000826,ACC789509,50.74,GBP,2025-06-10 22:29:43
TXN00000827,ACC857356,7.31,EUR,2025-06-12 20:01:40
TXN00000828,ACC381276,115.04,JPY,2025-06-28 06:22:26
TXN00000829,ACC741794,5.22,USD,2025-06-27 18:24:38
TXN00000830,ACC249278,19.72,USD,2025-06-30 15:35:45
TXN00000831,ACC170471,8.67,JPY,2025-06-22 07:43:16
TXN00000832,ACC101414,5.06,GBP,2025-06-09 00:51:41
TXN00000833,ACC880675,24.57,USD,2025-06-12 06:05:35
TXN00000834,ACC442603,35.49,USD,2025-06-27 10:55:56
TXN00000835,ACC227755,85.49,EUR,2025-06-07 08:32:20
TXN00000836,ACC658095,23.01,JPY,2025-06-18 08:34:57
TXN00000837,ACC980873,21.42,GBP,2025-06-14 07:41:20
TXN00000838,ACC170259,19.19,CAD,2025-06-07 07:29:54
TXN00000839,ACC953091,36.46,GBP,2025-06-10 08:37:24
TXN00000840,ACC179104,29.65,GBP,2025-06-07 01:59:21
TXN00000841,ACC835654,12.57,USD,2025-06-04 07:59:47
TXN00000842,ACC774996,2.6,,2025-06-06 00:53:03
TXN00000843,ACC613918,205.77,EUR,2025-06-19 15:23:40
TXN00000844,ACC917741,9.7,XXX,2025-06-05 23:23:54
TXN00000845,ACC901203,18.4,JPY,2025-06-08 02:10:43
TXN00000846,ACC426456,24.51,USD,2025-06-04 22:34:57
TXN00000847,ACC516701,4.63,EUR,2025-06-25 02:15:17
TXN00000848,ACC831215,82.59,USD,2025-06-29 08:52:42
TXN00000849,ACC551103,10.33,EUR,2025-06-10 10:46:39
TXN00000850,ACC956065,4.28,GBP,2025-06-03 20:23:02
TXN00000851,ACC714451,200.73,USD,2025-06-16 02:05:19
TXN00000852,ACC701878,12.07,USD,2025-06-12 22:08:52
TXN00000853,ACC452239,13.38,CAD,2025-06-09 21:06:10
TXN00000854,ACC676848,15.11,USD,2025-06-16 07:55:29
TXN00000855,ACC907420,2.7,CAD,2025-06-05 19:33:50
TXN00000856,ACC283966,7.55,USD,2025-06-04 00:48:40
TXN00000857,ACC618301,71.02,GBP,2025-06-08 15:54:02
TXN00000858,ACC697240,19.26,GBP,2025-06-30 14:51:18
TXN00000859,ACC267277,28.61,USD,2025-06-21 15:40:55
TXN00000860,ACC205935,5.47,CAD,2025-06-28 05:22:45
TXN00000861,ACC164645,10.04,GBP,2025-06-19 03:26:26
TXN00000862,ACC610920,14.16,CAD,2025-06-08 03:54:16
TXN00000863,ACC361557,6.23,CAD,2025-06-17 06:08:16
TXN00000864,ACC153074,11.26,JPY,2025-06-17 23:15:51
TXN00000865,ACC768964,19.25,CAD,2025-06-06 16:49:54
TXN00000866,ACC380591,84.48,CAD,2025-06-14 17:35:39
TXN00000867,ACC506643,107.7,USD,2025-06-11 21:38:18
TXN00000868,ACC395930,28.21,CAD,2025-06-23 06:51:39
TXN00000869,ACC608642,16.88,CAD,2025-06-15 23:12:10
TXN00000870,ACC120283,38.42,USD,2025-06-16 12:18:03
TXN00000871,ACC247751,15.75,GBP,2025-06-18 06:39:26
TXN00000872,ACC191756,4.55,EUR,2025-06-08 10:50:36
TXN00000873,ACC749485,24.94,EUR,2025-06-09 17:34:37
TXN00000874,ACC250493,6.12,USD,2025-06-15 05:03:55
TXN00000875,ACC666089,36.65,USD,2025-06-15 11:45:11
TXN00000876,ACC632222,7.9,GBP,2025-06-05 23:57:57
TXN00000877,ACC211900,1.91,CAD,2025-06-17 13:01:38
TXN00000878,ACC286621,9.6,GBP,2025-06-16 22:30:48
TXN00000879,ACC434593,5.79,USD,2025-06-22 00:34:02
TXN00000880,ACC466112,29.65,EUR,2025-06-17 00:22:53
,ACC430779,18.18,GBP,2025-06-30 00:14:01
TXN00000882,ACC736165,4.51,USD,2025-06-20 03:51:34
TXN00000883,ACC913047,13.98,USD,2025-06-08 11:37:14
TXN00000884,ACC777246,14.57,GBP,2025-06-22 16:21:10
TXN00000885,ACC327253,21.68,EUR,2025-06-10 07:11:12
TXN00000886,ACC265333,3.82,GBP,2025-06-23 11:09:21
TXN00000887,ACC437245,9.91,USD,2025-06-14 14:45:03
TXN00000888,ACC506658,33.14,USD,2025-06-27 15:35:42
TXN00000889,ACC987824,12.74,JPY,2025-06-24 09:21:40
TXN00000890,ACC448700,39.51,EUR,2025-06-30 06:55:33
TXN00000891,ACC489850,69.57,EUR,2025-06-20 07:15:55
TXN00000892,ACC578771,19.45,EUR,2025-06-22 04:55:20
TXN00000893,ACC985833,57.94,JPY,2025-06-13 16:43:29
TXN00000894,ACC854389,25.85,GBP,2025-06-20 08:18:40
TXN00000895,ACC784573,3.67,JPY,2025-06-25 23:33:43
TXN00000896,ACC555577,73.41,JPY,2025-06-05 08:23:30
TXN00000897,ACC250526,2.32,EUR,2025-06-03 09:15:47
TXN00000898,ACC187537,78.77,XXX,2025-06-15 23:35:42
TXN00000899,ACC508835,4.58,CAD,2025-06-10 21:13:43
TXN00000900,ACC308531,21.79,CAD,2025-06-28 09:39:55
TXN00000901,ACC770737,121.18,CAD,2025-06-28 17:20:36
TXN00000902,ACC500026,79.36,CAD,2025-06-13 22:29:31
TXN00000903,ACC275225,47.23,GBP,2025-06-04 00:26:13
TXN00000904,ACC409944,4.23,USD,2025-06-12 10:00:45
TXN00000905,ACC334307,2.12,EUR,2025-06-11 05:48:39
TXN00000906,ACC216417,23.2,GBP,2025-06-15 05:51:22
TXN00000907,ACC511992,14.98,CAD,2025-06-24 05:16:21
TXN00000908,ACC964949,4.42,EUR,2025-06-09 04:21:32
TXN00000909,ACC256640,33.76,GBP,2025-06-29 11:01:13
TXN00000910,ACC861203,36.96,EUR,2025-06-13 15:18:17
TXN00000911,ACC570641,36.62,GBP,2025-06-20 23:23:23
TXN00000912,ACC432119,11.5,USD,2025-06-08 09:04:33
TXN00000913,ACC744246,37.04,GBP,2025-06-24 20:28:45
TXN00000914,ACC930141,6.06,GBP,2025-06-20 07:26:43
TXN00000915,ACC862942,58.1,GBP,2025-06-22 01:12:26
TXN00000915,ACC843836,28.6,GBP,2025-06-10 19:59:39
TXN00000917,ACC809836,30.88,GBP,2025-06-14 06:43:33
TXN00000918,ACC532405,129.3,EUR,2025-06-25 05:41:46
TXN00000919,ACC966349,9.24,CAD,2025-06-11 20:03:27
TXN00000920,ACC408725,31.49,JPY,2025-06-13 08:47:44
TXN00000921,ACC107885,30.47,CAD,2025-06-07 11:06:17
TXN00000922,ACC245274,15.3,USD,2025-06-03 13:00:44
TXN00000923,ACC965201,95.35,JPY,2025-06-04 17:34:50
TXN00000924,ACC763352,34.64,EUR,2025-06-29 18:14:38
TXN00000925,ACC373276,74.1,EUR,2025-06-15 08:37:02
TXN00000926,ACC297801,6.18,GBP,2025-06-22 11:39:49
TXN00000927,ACC645472,15.3,JPY,2025-07-01 17:38:44
TXN00000928,ACC347363,21.5,JPY,2025-06-04 09:27:16
TXN00000929,ACC134301,1.68,EUR,2025-06-24 06:06:20
TXN00000930,ACC806838,97.12,USD,2025-06-28 13:13:46
TXN00000931,ACC680821,5.98,USD,2025-06-15 23:54:12
TXN00000932,ACC554061,22.61,GBP,2025-06-29 18:50:20
TXN00000933,ACC290488,2.3,EUR,2025-06-20 08:32:10
TXN00000934,ACC839589,6.29,EUR,2025-06-09 23:32:56
TXN00000935,ACC183388,185.3,GBP,2025-06-27 21:52:22
TXN00000936,ACC744136,39.68,EUR,2025-06-21 17:46:19
TXN00000937,ACC132611,76.71,USD,2025-06-15 17:19:36
TXN00000938,ACC929190,18.74,GBP,2025-07-01 00:57:38
TXN00000939,ACC371932,9.23,EUR,2025-06-21 04:53:56
TXN00000940,ACC999483,38.91,EUR,2025-06-28 01:47:35
TXN00000941,ACC284273,4.91,USD,2025-06-20 01:19:20
TXN00000942,ACC672481,67.1,GBP,2025-06-29 04:47:59
TXN00000943,ACC237221,67.56,GBP,2025-07-01 11:32:43
TXN00000944,ACC437091,6.21,USD,2025-06-30 03:40:33
TXN00000945,ACC165571,23.27,XXX,2025-06-14 08:31:01
TXN00000946,ACC125838,14.87,EUR,2025-06-28 21:57:59
TXN00000947,ACC782112,36.55,EUR,2025-06-18 18:01:11
TXN00000948,ACC721420,27.52,GBP,2025-06-14 10:26:56
TXN00000949,ACC560290,13.88,EUR,2025-06-27 23:21:49
TXN00000950,ACC805863,6.73,USD,2025-06-26 11:21:54
TXN00000951,ACC543848,14.28,USD,2025-07-01 02:45:59
TXN00000952,ACC333107,19.88,USD,2025-06-20 01:11:19
TXN00000953,ACC604746,44.43,JPY,2025-06-06 12:09:56
TXN00000954,ACC505321,70.77,USD,2025-06-07 18:40:01
TXN00000955,ACC906780,22.67,USD,2025-06-30 08:17:51
TXN00000956,ACC426236,93.42,CAD,2025-06-25 18:20:31
TXN00000957,ACC914116,10.68,JPY,2025-06-10 08:11:39
TXN00000958,ACC282088,12.35,JPY,2025-06-07 21:53:30
TXN00000959,ACC833235,75.83,USD,2025-06-06 05:21:05
TXN00000960,ACC526753,19.26,USD,2025-06-17 23:06:30
TXN00000961,ACC357636,20.69,JPY,2025-06-13 03:45:51
TXN00000962,ACC360787,22.64,GBP,2025-06-09 05:14:22
TXN00000963,ACC798267,77.24,JPY,2025-06-23 11:29:53
TXN00000964,ACC478249,15.96,CAD,2025-06-15 13:40:13
TXN00000965,ACC612149,3.63,EUR,2025-06-21 07:36:24
TXN00000966,ACC960650,12.96,CAD,2025-06-10 07:21:00
TXN00000967,ACC428086,-12.24,GBP,2025-06-16 19:53:24
TXN00000968,ACC872158,10.17,USD,2025-06-26 19:02:48
TXN00000969,ACC234772,9.91,CAD,2025-06-17 03:03:30
TXN00000970,ACC343548,125.45,CAD,2025-06-16 03:45:50
TXN00000971,ACC285824,17.52,EUR,2025-06-17 22:46:18
TXN00000972,ACC713573,14.75,USD,2025-06-21 07:08:47
TXN00000973,ACC640082,38.88,CAD,2025-06-14 18:44:07
TXN00000974,ACC164284,1.1,JPY,2025-06-23 01:36:40
TXN00000975,ACC755313,3.12,GBP,2025-06-07 08:42:17
TXN00000976,ACC261583,39.7,GBP,2025-06-11 15:08:53
TXN00000977,ACC735425,32.45,GBP,2025-06-26 10:21:46
TXN00000978,ACC681463,6.15,CAD,2025-07-01 21:25:38
TXN00000979,ACC648668,9.0,JPY,2025-06-07 20:42:51
TXN00000980,ACC257882,29.95,CAD,2025-06-10 05:13:41
TXN00000981,ACC138014,8.14,CAD,2025-06-13 21:04:24
TXN00000982,ACC142742,9.08,GBP,2025-06-09 15:59:40
TXN00000983,ACC460064,16.28,GBP,2025-06-14 09:30:58
TXN00000984,ACC231611,52.31,GBP,2025-06-06 16:40:48
TXN00000985,ACC211597,4.23,CAD,2025-06-28 18:42:33
TXN00000986,ACC174332,26.82,GBP,2025-06-10 09:14:37
TXN00000987,ACC207962,138.6,CAD,2025-06-18 04:27:00
TXN00000988,ACC965542,21.33,GBP,2025-06-24 03:17:07
TXN00000989,ACC105224,40.02,GBP,2025-06-26 14:29:11
TXN00000990,ACC639903,16.01,JPY,2025-06-09 11:24:25
TXN00000991,ACC729261,11.44,EUR,2025-06-09 16:17:35
TXN00000992,ACC876873,6.37,USD,2025-06-14 09:16:17
TXN00000993,ACC720015,120.15,JPY,2025-06-11 10:01:53
TXN00000994,ACC867444,18.3,GBP,2025-06-17 12:59:12
TXN00000995,ACC307556,25.98,GBP,2025-06-08 06:20:25
TXN00000996,ACC830421,35.57,CAD,2025-06-11 08:07:04
TXN00000997,ACC788804,16.57,USD,2025-06-20 21:55:55
TXN00000998,ACC720192,10.04,USD,2025-06-29 01:01:15
TXN00000999,ACC408504,20.95,XXX,2025-06-10 10:54:53
TXN00001000,ACC269239,15.36,USD,2025-06-04 09:11:21
